Herb_Name,Scientific_Name,Common_Names,Benefits,Side_Effects,Contraindications,Drug_Interactions,Dosage,Traditional_Uses,Rasa,Virya,Vipaka,Dosha_Effects,Safety_Level
Ashwagandha,Withania somnifera,"Winter cherry, Indian ginseng","Reduces stress and anxiety, Improves strength and stamina, Supports immune system, Enhances cognitive function, Balances hormones, Improves sleep quality","Generally safe, May cause drowsiness, Stomach upset in high doses, May lower blood pressure","Pregnancy, Breastfeeding, Autoimmune diseases, Surgery (2 weeks before)","May interact with sedatives, immunosuppressants, blood pressure medications, diabetes medications","3-6g powder daily, 300-500mg extract twice daily","Stress management, Strength building, Reproductive health, Nervous system support","Tikta (bitter), Kashaya (astringent)",Ushna (hot),Madhura (sweet),"Balances Vata and Kapha, May increase Pitta",High
Turmeric,Curcuma longa,"Haldi, Golden spice","Anti-inflammatory, Antioxidant, Supports liver health, Aids digestion, Wound healing, Joint health, Immune support","Generally safe, May cause stomach upset, Increased bleeding risk, Kidney stones in high doses","Gallstones, Bleeding disorders, Surgery (2 weeks before), Iron deficiency","Blood thinners (warfarin), Diabetes medications, Chemotherapy drugs","1-3g powder daily, 400-600mg extract 3 times daily","Inflammation, Wound healing, Digestive disorders, Skin conditions","Tikta (bitter), Katu (pungent)",Ushna (hot),Katu (pungent),"Balances all three doshas, primarily Kapha and Vata",High
Ginger,Zingiber officinale,"Adrak, Fresh ginger","Aids digestion, Reduces nausea, Anti-inflammatory, Supports respiratory health, Warming effect, Motion sickness relief","Generally safe, May cause heartburn, Stomach irritation, Increased bleeding risk","Gallstones, Bleeding disorders, High doses during pregnancy","Blood thinners (warfarin), Diabetes medications, Heart medications","1-4g fresh daily, 250mg extract 4 times daily","Digestive disorders, Nausea, Cold and cough, Arthritis","Katu (pungent)",Ushna (hot),Madhura (sweet),"Balances Vata and Kapha, May increase Pitta",High
Brahmi,Bacopa monnieri,"Water hyssop, Thyme-leaved gratiola","Enhances memory, Reduces anxiety, Supports cognitive function, Neuroprotective, Improves concentration","Generally safe, May cause nausea, Stomach cramps, Fatigue, Dry mouth","Pregnancy, Breastfeeding, Bradycardia, Ulcers","May interact with sedatives, thyroid medications, anticholinergic drugs","300-600mg extract daily, 5-10g fresh herb","Memory enhancement, Anxiety, Learning disorders, Epilepsy","Tikta (bitter), Kashaya (astringent)",Sheeta (cold),Madhura (sweet),"Balances all three doshas, primarily Vata",High
Neem,Azadirachta indica,"Margosa, Indian lilac","Antibacterial, Antifungal, Blood purifier, Skin health, Immune support, Dental health","Generally safe externally, Internal use may cause nausea, Liver toxicity in high doses","Pregnancy, Breastfeeding, Children under 12, Liver disease","May interact with diabetes medications, immunosuppressants","External use as needed, Internal: 1-2g powder daily (short term)","Skin diseases, Dental care, Infections, Blood purification","Tikta (bitter), Kashaya (astringent)",Sheeta (cold),Katu (pungent),"Balances Pitta and Kapha, May increase Vata",Medium
Amla,Emblica officinalis,"Indian gooseberry, Amalaki","High in Vitamin C, Antioxidant, Supports immune system, Hair and skin health, Digestive health, Anti-aging","Generally safe, May cause acidity in some, Diarrhea in high doses","None known, Generally safe for all","May enhance absorption of iron, May interact with anticoagulants","10-20ml juice daily, 1-3g powder daily","Immunity, Hair care, Digestive health, Anti-aging, Eye health","Amla (sour), Madhura (sweet), Tikta (bitter), Katu (pungent), Kashaya (astringent)",Sheeta (cold),Madhura (sweet),"Balances all three doshas, Tridoshic",High
Tulsi,Ocimum tenuiflorum,"Holy basil, Sacred basil","Adaptogen, Respiratory health, Immune support, Stress relief, Antimicrobial, Anti-inflammatory","Generally safe, May lower blood sugar, May affect fertility","Pregnancy (large amounts), Blood clotting disorders","May interact with diabetes medications, blood thinners","5-10 leaves daily, 300-600mg extract","Respiratory infections, Stress, Fever, Cough, Spiritual practices","Katu (pungent), Tikta (bitter)",Ushna (hot),Katu (pungent),"Balances Kapha and Vata, May increase Pitta",High
Triphala,Terminalia chebula + Terminalia bellirica + Emblica officinalis,"Three fruits combination","Digestive health, Detoxification, Antioxidant, Eye health, Weight management, Bowel regularity","Generally safe, May cause diarrhea initially, Stomach upset","Pregnancy, Breastfeeding, Diarrhea, Dehydration","May interact with diabetes medications, blood thinners","3-6g powder daily, 500-1000mg tablets","Constipation, Digestive disorders, Detoxification, Eye health","Combination of all tastes",Neutral,Madhura (sweet),"Balances all three doshas, Tridoshic",High
Guggul,Commiphora mukul,"Indian bdellium, Mukul myrrh","Cholesterol management, Weight management, Anti-inflammatory, Joint health, Thyroid support","May cause skin rash, Stomach upset, Headache, Nausea","Pregnancy, Breastfeeding, Liver disease, Kidney disease","Thyroid medications, blood thinners, diabetes medications","500-1000mg extract daily","High cholesterol, Arthritis, Obesity, Skin diseases","Tikta (bitter), Katu (pungent)",Ushna (hot),Katu (pungent),"Balances Kapha and Vata, May increase Pitta",Medium
Shatavari,Asparagus racemosus,"Wild asparagus, Hundred husbands","Female reproductive health, Hormonal balance, Digestive health, Immune support, Lactation support","Generally safe, May cause allergic reactions in asparagus-sensitive individuals","Kidney stones, Estrogen-sensitive conditions","May interact with diuretics, lithium","3-6g powder daily, 500mg extract twice daily","Female fertility, Menopause, Lactation, Digestive disorders","Madhura (sweet), Tikta (bitter)",Sheeta (cold),Madhura (sweet),"Balances Vata and Pitta, May increase Kapha",High
Arjuna,Terminalia arjuna,"Arjun tree, White marudah","Heart health, Blood pressure support, Cholesterol management, Wound healing, Antioxidant","Generally safe, May lower blood pressure excessively","Hypotension, Surgery (2 weeks before)","Blood pressure medications, heart medications, anticoagulants","3-6g bark powder daily, 500mg extract twice daily","Heart diseases, High blood pressure, Wounds, Bleeding disorders","Kashaya (astringent)",Sheeta (cold),Katu (pungent),"Balances Pitta and Kapha, May increase Vata",High
Shankhpushpi,Convolvulus pluricaulis,"Aloe weed, Bind weed","Memory enhancement, Cognitive function, Anxiety relief, Nervous system support, Sleep improvement","Generally safe, May cause drowsiness","Pregnancy, Breastfeeding, Hypotension","May interact with sedatives, blood pressure medications","3-6g powder daily, 250-500mg extract","Memory disorders, Anxiety, Insomnia, Mental fatigue","Madhura (sweet), Tikta (bitter)",Sheeta (cold),Madhura (sweet),"Balances Vata and Pitta, May increase Kapha",High
Giloy,Tinospora cordifolia,"Heart-leaved moonseed, Guduchi","Immune support, Fever reduction, Liver health, Anti-inflammatory, Antioxidant, Diabetes support","Generally safe, May lower blood sugar","Pregnancy, Breastfeeding, Autoimmune diseases","Diabetes medications, immunosuppressants","3-6g powder daily, 300-500mg extract","Fever, Immune disorders, Liver diseases, Diabetes, Arthritis","Tikta (bitter), Kashaya (astringent)",Ushna (hot),Madhura (sweet),"Balances all three doshas, Tridoshic",High
Fenugreek,Trigonella foenum-graecum,"Methi, Greek hay","Blood sugar control, Lactation support, Digestive health, Cholesterol management, Anti-inflammatory","Generally safe, May cause hypoglycemia, Stomach upset, Maple syrup odor","Pregnancy (large amounts), Bleeding disorders","Diabetes medications, blood thinners, MAO inhibitors","5-10g seeds daily, 500mg extract twice daily","Diabetes, Low milk supply, Digestive disorders, High cholesterol","Tikta (bitter), Katu (pungent)",Ushna (hot),Katu (pungent),"Balances Vata and Kapha, May increase Pitta",High
Licorice,Glycyrrhiza glabra,"Mulethi, Sweet root","Respiratory health, Digestive support, Anti-inflammatory, Adrenal support, Throat soothing","May cause high blood pressure, Potassium depletion, Edema","High blood pressure, Heart disease, Kidney disease, Pregnancy","Blood pressure medications, diuretics, corticosteroids","1-5g root daily, 200-400mg extract (short term use)","Cough, Sore throat, Gastritis, Adrenal fatigue","Madhura (sweet)",Sheeta (cold),Madhura (sweet),"Balances Vata and Pitta, May increase Kapha",Medium
Manjistha,Rubia cordifolia,"Indian madder, Common madder","Blood purification, Skin health, Anti-inflammatory, Lymphatic support, Wound healing","Generally safe, May cause orange-red urine coloration","Pregnancy, Breastfeeding, Kidney stones","May interact with lithium, diuretics","3-6g powder daily, 500mg extract","Skin diseases, Blood disorders, Lymphatic congestion, Wounds","Madhura (sweet), Tikta (bitter), Kashaya (astringent)",Sheeta (cold),Katu (pungent),"Balances Pitta and Kapha, May increase Vata",High
Punarnava,Boerhavia diffusa,"Spreading hogweed, Red spiderling","Kidney health, Diuretic, Anti-inflammatory, Liver support, Heart health","Generally safe, May cause excessive urination","Pregnancy, Breastfeeding, Dehydration","Diuretics, lithium, blood pressure medications","3-6g powder daily, 500mg extract","Kidney disorders, Edema, Liver diseases, Heart conditions","Madhura (sweet), Tikta (bitter)",Sheeta (cold),Madhura (sweet),"Balances Pitta and Kapha, May increase Vata",High
Bala,Sida cordifolia,"Country mallow, Flannel weed","Strength building, Nervous system support, Respiratory health, Joint health, Energy enhancement","Generally safe, May cause mild stimulation","Pregnancy, Breastfeeding, High blood pressure, Heart conditions","May interact with stimulants, heart medications","3-6g powder daily, 500mg extract","Weakness, Nervous disorders, Respiratory problems, Joint pain","Madhura (sweet)",Sheeta (cold),Madhura (sweet),"Balances Vata and Pitta, May increase Kapha",High
Vidanga,Embelia ribes,"False black pepper, White-flowered embelia","Digestive health, Antiparasitic, Weight management, Respiratory support","Generally safe, May cause stomach irritation in high doses","Pregnancy, Breastfeeding, Gastric ulcers","May interact with diabetes medications","1-3g powder daily, 250-500mg extract","Intestinal worms, Digestive disorders, Obesity, Respiratory issues","Katu (pungent), Tikta (bitter)",Ushna (hot),Katu (pungent),"Balances Kapha and Vata, May increase Pitta",Medium
Chitrak,Plumbago zeylanica,"Ceylon leadwort, White leadwort","Digestive fire enhancement, Weight management, Respiratory health, Anti-inflammatory","May cause skin irritation, Stomach upset, Abortion risk","Pregnancy, Breastfeeding, Gastric ulcers, Skin sensitivity","May interact with diabetes medications, blood thinners","1-2g powder daily (with care), 250mg extract","Poor digestion, Obesity, Respiratory congestion, Skin diseases","Katu (pungent), Tikta (bitter)",Ushna (hot),Katu (pungent),"Balances Kapha and Vata, Strongly increases Pitta",Low